
### `student` Table Inserts

INSERT INTO student (id, name, surname, dob, primary_skill, created_datetime, updated_datetime) VALUES
(1, 'John', 'Doe', '2000-01-15', 'Mathematics', '2024-08-25 10:00:00', '2024-08-25 10:00:00'),
(2, 'Jane', 'Smith', '2001-02-20', 'Physics', '2024-08-25 10:05:00', '2024-08-25 10:05:00'),
(3, 'Michael', 'Johnson', '1999-03-10', 'Chemistry', '2024-08-25 10:10:00', '2024-08-25 10:10:00'),
(4, 'Emily', 'Davis', '2000-04-25', 'Biology', '2024-08-25 10:15:00', '2024-08-25 10:15:00'),
(5, 'Sarah', 'Wilson', '1998-05-30', 'English', '2024-08-25 10:20:00', '2024-08-25 10:20:00'),
(6, 'David', 'Brown', '2002-06-05', 'History', '2024-08-25 10:25:00', '2024-08-25 10:25:00'),
(7, 'Laura', 'Taylor', '2001-07-15', 'Geography', '2024-08-25 10:30:00', '2024-08-25 10:30:00'),
(8, 'Chris', 'Anderson', '1999-08-20', 'Computer Science', '2024-08-25 10:35:00', '2024-08-25 10:35:00'),
(9, 'Jessica', 'Thomas', '2000-09-25', 'Art', '2024-08-25 10:40:00', '2024-08-25 10:40:00'),
(10, 'Daniel', 'Martinez', '1998-10-30', 'Music', '2024-08-25 10:45:00', '2024-08-25 10:45:00'),
(11, 'Anna', 'Lee', '2001-11-05', 'Economics', '2024-08-25 10:50:00', '2024-08-25 10:50:00'),
(12, 'Ryan', 'Harris', '2002-12-10', 'Philosophy', '2024-08-25 10:55:00', '2024-08-25 10:55:00'),
(13, 'Sophia', 'Clark', '1999-01-20', 'Political Science', '2024-08-25 11:00:00', '2024-08-25 11:00:00'),
(14, 'James', 'Lewis', '2000-02-15', 'Engineering', '2024-08-25 11:05:00', '2024-08-25 11:05:00'),
(15, 'Olivia', 'Walker', '2001-03-25', 'Mathematics', '2024-08-25 11:10:00', '2024-08-25 11:10:00'),
(16, 'Ethan', 'Roberts', '1998-04-30', 'Physics', '2024-08-25 11:15:00', '2024-08-25 11:15:00'),
(17, 'Isabella', 'Scott', '2002-05-10', 'Chemistry', '2024-08-25 11:20:00', '2024-08-25 11:20:00'),
(18, 'Jacob', 'Young', '1999-06-25', 'Biology', '2024-08-25 11:25:00', '2024-08-25 11:25:00'),
(19, 'Ava', 'King', '2000-07-30', 'English', '2024-08-25 11:30:00', '2024-08-25 11:30:00'),
(20, 'Mason', 'Wright', '2001-08-15', 'History', '2024-08-25 11:35:00', '2024-08-25 11:35:00'),
(21, 'Mia', 'Green', '2002-09-05', 'Geography', '2024-08-25 11:40:00', '2024-08-25 11:40:00'),
(22, 'William', 'Adams', '1998-10-20', 'Computer Science', '2024-08-25 11:45:00', '2024-08-25 11:45:00'),
(23, 'Charlotte', 'Baker', '2001-11-25', 'Art', '2024-08-25 11:50:00', '2024-08-25 11:50:00'),
(24, 'Benjamin', 'Nelson', '2000-12-30', 'Music', '2024-08-25 11:55:00', '2024-08-25 11:55:00'),
(25, 'Amelia', 'Carter', '1999-01-10', 'Economics', '2024-08-25 12:00:00', '2024-08-25 12:00:00'),
(26, 'Lucas', 'Mitchell', '2002-02-20', 'Philosophy', '2024-08-25 12:05:00', '2024-08-25 12:05:00'),
(27, 'Evelyn', 'Perez', '2001-03-15', 'Political Science', '2024-08-25 12:10:00', '2024-08-25 12:10:00'),
(28, 'Elijah', 'Robinson', '1999-04-25', 'Engineering', '2024-08-25 12:15:00', '2024-08-25 12:15:00'),
(29, 'Harper', 'Thompson', '2000-05-30', 'Mathematics', '2024-08-25 12:20:00', '2024-08-25 12:20:00'),
(30, 'Alexander', 'White', '2001-06-15', 'Physics', '2024-08-25 12:25:00', '2024-08-25 12:25:00'),
(31, 'Sofia', 'Harris', '2002-07-25', 'Chemistry', '2024-08-25 12:30:00', '2024-08-25 12:30:00'),
(32, 'James', 'Flores', '1999-08-05', 'Biology', '2024-08-25 12:35:00', '2024-08-25 12:35:00'),
(33, 'Ella', 'Collins', '2000-09-20', 'English', '2024-08-25 12:40:00', '2024-08-25 12:40:00'),
(34, 'Logan', 'Cox', '2001-10-30', 'History', '2024-08-25 12:45:00', '2024-08-25 12:45:00'),
(35, 'Grace', 'Ward', '2002-11-15', 'Geography', '2024-08-25 12:50:00', '2024-08-25 12:50:00'),
(36, 'Michael', 'Russell', '1998-12-20', 'Computer Science', '2024-08-25 12:55:00', '2024-08-25 12:55:00'),
(37, 'Chloe', 'Diaz', '2001-01-10', 'Art', '2024-08-25 13:00:00', '2024-08-25 13:00:00'),
(38, 'Matthew', 'Griffin', '2002-02-25', 'Music', '2024-08-25 13:05:00', '2024-08-25 13:05:00'),
(39, 'Zoe', 'Hunter', '1999-03-20', 'Economics', '2024-08-25 13:10:00', '2024-08-25 13:10:00'),
(40, 'Aiden', 'Gordon', '2000-04-15', 'Philosophy-Music', '2024-08-25 13:15:00','2024-08-25 13:10:00'),
(41, 'Mikel', 'Novel', '2024-04-15', 'History-Chemistry', '2024-08-25 13:15:00','2024-08-25 13:10:00')


### `phone` Table Inserts
INSERT INTO phone (id, student_id, number) VALUES
(1, 1, '555-0101'),
(2, 1, '555-0102'),
(3, 2, '555-0201'),
(4, 2, '555-0202'),
(5, 3, '555-0301'),
(6, 3, '555-0302'),
(7, 4, '555-0401'),
(8, 4, '555-0402'),
(9, 5, '555-0501'),
(10, 5, '555-0502'),
(11, 6, '555-0601'),
(12, 6, '555-0602'),
(13, 7, '555-0701'),
(14, 7, '555-0702'),
(15, 8, '555-0801'),
(16, 8, '555-0802'),
(17, 9, '555-0901'),
(18, 9, '555-0902'),
(19, 10, '555-1001'),
(20, 10, '555-1002'),
(21, 11, '555-1101'),
(22, 11, '555-1102'),
(23, 12, '555-1201'),
(24, 12, '555-1202'),
(25, 13, '555-1301'),
(26, 13, '555-1302'),
(27, 14, '555-1401'),
(28, 14, '555-1402'),
(29, 15, '555-1501'),
(30, 15, '555-1502');


## subject insert recored

INSERT INTO subject (name, tutor) VALUES
('Mathematics', 'Dr. Alice Johnson'),
('Physics', 'Prof. Mark Smith'),
('Chemistry', 'Dr. Emily Brown'),
('Biology', 'Dr. Michael Davis'),
('English Literature', 'Ms. Sarah Wilson'),
('History', 'Mr. David Thompson'),
('Geography', 'Dr. Laura Taylor'),
('Computer Science', 'Prof. Chris Anderson'),
('Art', 'Ms. Jessica Martin'),
('Music', 'Mr. Daniel Martinez'),
('Economics', 'Dr. Anna Lee'),
('Philosophy', 'Prof. Ryan Harris'),
('Political Science', 'Ms. Sophia Clark'),
('Engineering', 'Dr. James Lewis'),
('Mathematics II', 'Dr. Olivia Walker'),
('Advanced Physics', 'Prof. Ethan Roberts'),
('Organic Chemistry', 'Dr. Isabella Scott'),
('Genetics', 'Dr. Jacob Young'),
('Creative Writing', 'Ms. Ava King'),
('World History', 'Mr. Mason Wright'),
('Physical Geography', 'Dr. Mia Green'),
('Database Systems', 'Prof. William Adams'),
('Sculpture', 'Ms. Charlotte Baker'),
('Jazz Music', 'Mr. Benjamin Nelson'),
('Development Economics', 'Dr. Amelia Carter'),
('Ethics', 'Prof. Lucas Mitchell'),
('International Relations', 'Ms. Evelyn Perez'),
('Thermodynamics', 'Dr. Elijah Robinson'),
('Cultural Studies', 'Ms. Harper Thompson'),
('Software Engineering', 'Prof. Alexander White'),
('Art History', 'Ms. Zoe Hunter'),
('Music Theory', 'Mr. Matthew Griffin'),
('Behavioral Economics', 'Dr. Chloe Diaz'),
('Ancient Philosophy', 'Prof. Michael Flores'),
('Human Geography', 'Dr. Grace Ward'),
('Data Science', 'Prof. Logan Cox'),
('Modern Literature', 'Ms. Natalie Green'),
('Systems Engineering', 'Dr. Ethan Roberts'),
('Organic Agriculture', 'Ms. Mia Lee'),
('Advanced Statistics', 'Dr. Andrew Carter'),
('Microeconomics', 'Prof. Harper Davis'),
('Astrophysics', 'Dr. Zoe Evans'),
('Visual Arts', 'Mr. Henry Clark'),
('Global History', 'Ms. Emily Lewis');

## Exam result records

INSERT INTO exam_result (student_id, subject_id, mark) VALUES
(1, 1, 85),
(2, 1, 78),
(3, 2, 90),
(4, 2, 65),
(5, 3, 88),
(1, 3, 72),
(2, 4, 95),
(3, 4, 60),
(4, 5, 83),
(5, 5, 74),
(1, 6, 91),
(2, 6, 87),
(3, 7, 79),
(4, 7, 82),
(5, 8, 85),
(1, 8, 80),
(2, 9, 88),
(3, 9, 67),
(4, 10, 94),
(5, 10, 89),
(1, 11, 92),
(2, 11, 81),
(3, 12, 76),
(4, 12, 84),
(5, 13, 90),
(1, 13, 77),
(2, 14, 85),
(3, 14, 93),
(4, 15, 72),
(5, 15, 78);


INSERT INTO exam_result (student_id, subject_id, mark) values
(1, 2, 92),
(1, 9, 92),
(1, 14, 92)

INSERT INTO jpop.exam_result (student_id, subject_id, mark) values
(1, 1, 85),
(2, 1, 85),
(3, 1, 85)